--
-- PostgreSQL database dump
--

-- Dumped from database version 12.12 (Ubuntu 12.12-0ubuntu0.20.04.1)
-- Dumped by pg_dump version 12.12 (Ubuntu 12.12-0ubuntu0.20.04.1)

SET statement_timeout = 0;
SET lock_timeout = 0;
SET idle_in_transaction_session_timeout = 0;
SET client_encoding = 'UTF8';
SET standard_conforming_strings = on;
SELECT pg_catalog.set_config('search_path', '', false);
SET check_function_bodies = false;
SET xmloption = content;
SET client_min_messages = warning;
SET row_security = off;

SET default_tablespace = '';

SET default_table_access_method = heap;

--
-- Name: auth_group; Type: TABLE; Schema: public; Owner: admin
--

CREATE TABLE public.auth_group (
    id integer NOT NULL,
    name character varying(150) NOT NULL
);


ALTER TABLE public.auth_group OWNER TO admin;

--
-- Name: auth_group_id_seq; Type: SEQUENCE; Schema: public; Owner: admin
--

ALTER TABLE public.auth_group ALTER COLUMN id ADD GENERATED BY DEFAULT AS IDENTITY (
    SEQUENCE NAME public.auth_group_id_seq
    START WITH 1
    INCREMENT BY 1
    NO MINVALUE
    NO MAXVALUE
    CACHE 1
);


--
-- Name: auth_group_permissions; Type: TABLE; Schema: public; Owner: admin
--

CREATE TABLE public.auth_group_permissions (
    id bigint NOT NULL,
    group_id integer NOT NULL,
    permission_id integer NOT NULL
);


ALTER TABLE public.auth_group_permissions OWNER TO admin;

--
-- Name: auth_group_permissions_id_seq; Type: SEQUENCE; Schema: public; Owner: admin
--

ALTER TABLE public.auth_group_permissions ALTER COLUMN id ADD GENERATED BY DEFAULT AS IDENTITY (
    SEQUENCE NAME public.auth_group_permissions_id_seq
    START WITH 1
    INCREMENT BY 1
    NO MINVALUE
    NO MAXVALUE
    CACHE 1
);


--
-- Name: auth_permission; Type: TABLE; Schema: public; Owner: admin
--

CREATE TABLE public.auth_permission (
    id integer NOT NULL,
    name character varying(255) NOT NULL,
    content_type_id integer NOT NULL,
    codename character varying(100) NOT NULL
);


ALTER TABLE public.auth_permission OWNER TO admin;

--
-- Name: auth_permission_id_seq; Type: SEQUENCE; Schema: public; Owner: admin
--

ALTER TABLE public.auth_permission ALTER COLUMN id ADD GENERATED BY DEFAULT AS IDENTITY (
    SEQUENCE NAME public.auth_permission_id_seq
    START WITH 1
    INCREMENT BY 1
    NO MINVALUE
    NO MAXVALUE
    CACHE 1
);


--
-- Name: auth_user; Type: TABLE; Schema: public; Owner: admin
--

CREATE TABLE public.auth_user (
    id integer NOT NULL,
    password character varying(128) NOT NULL,
    last_login timestamp with time zone,
    is_superuser boolean NOT NULL,
    username character varying(150) NOT NULL,
    first_name character varying(150) NOT NULL,
    last_name character varying(150) NOT NULL,
    email character varying(254) NOT NULL,
    is_staff boolean NOT NULL,
    is_active boolean NOT NULL,
    date_joined timestamp with time zone NOT NULL
);


ALTER TABLE public.auth_user OWNER TO admin;

--
-- Name: auth_user_groups; Type: TABLE; Schema: public; Owner: admin
--

CREATE TABLE public.auth_user_groups (
    id bigint NOT NULL,
    user_id integer NOT NULL,
    group_id integer NOT NULL
);


ALTER TABLE public.auth_user_groups OWNER TO admin;

--
-- Name: auth_user_groups_id_seq; Type: SEQUENCE; Schema: public; Owner: admin
--

ALTER TABLE public.auth_user_groups ALTER COLUMN id ADD GENERATED BY DEFAULT AS IDENTITY (
    SEQUENCE NAME public.auth_user_groups_id_seq
    START WITH 1
    INCREMENT BY 1
    NO MINVALUE
    NO MAXVALUE
    CACHE 1
);


--
-- Name: auth_user_id_seq; Type: SEQUENCE; Schema: public; Owner: admin
--

ALTER TABLE public.auth_user ALTER COLUMN id ADD GENERATED BY DEFAULT AS IDENTITY (
    SEQUENCE NAME public.auth_user_id_seq
    START WITH 1
    INCREMENT BY 1
    NO MINVALUE
    NO MAXVALUE
    CACHE 1
);


--
-- Name: auth_user_user_permissions; Type: TABLE; Schema: public; Owner: admin
--

CREATE TABLE public.auth_user_user_permissions (
    id bigint NOT NULL,
    user_id integer NOT NULL,
    permission_id integer NOT NULL
);


ALTER TABLE public.auth_user_user_permissions OWNER TO admin;

--
-- Name: auth_user_user_permissions_id_seq; Type: SEQUENCE; Schema: public; Owner: admin
--

ALTER TABLE public.auth_user_user_permissions ALTER COLUMN id ADD GENERATED BY DEFAULT AS IDENTITY (
    SEQUENCE NAME public.auth_user_user_permissions_id_seq
    START WITH 1
    INCREMENT BY 1
    NO MINVALUE
    NO MAXVALUE
    CACHE 1
);


--
-- Name: barcode_blastn_blastdb; Type: TABLE; Schema: public; Owner: admin
--

CREATE TABLE public.barcode_blastn_blastdb (
    id uuid NOT NULL,
    created timestamp with time zone NOT NULL,
    custom_name character varying(255) NOT NULL,
    locked boolean NOT NULL
);


ALTER TABLE public.barcode_blastn_blastdb OWNER TO admin;

--
-- Name: barcode_blastn_blastrun; Type: TABLE; Schema: public; Owner: admin
--

CREATE TABLE public.barcode_blastn_blastrun (
    id uuid NOT NULL,
    runtime timestamp with time zone NOT NULL,
    job_name character varying(255) NOT NULL,
    query_sequence text NOT NULL,
    blast_version text NOT NULL,
    errors text NOT NULL,
    db_used_id uuid NOT NULL,
    job_end_time timestamp with time zone,
    job_start_time timestamp with time zone,
    job_status character varying(3) NOT NULL
);


ALTER TABLE public.barcode_blastn_blastrun OWNER TO admin;

--
-- Name: barcode_blastn_hit; Type: TABLE; Schema: public; Owner: admin
--

CREATE TABLE public.barcode_blastn_hit (
    id bigint NOT NULL,
    query_accession_version character varying(128) NOT NULL,
    subject_accession_version character varying(128) NOT NULL,
    percent_identity numeric(6,3) NOT NULL,
    alignment_length integer NOT NULL,
    mismatches integer NOT NULL,
    gap_opens integer NOT NULL,
    query_start integer NOT NULL,
    query_end integer NOT NULL,
    sequence_start integer NOT NULL,
    sequence_end integer NOT NULL,
    evalue numeric(110,100) NOT NULL,
    bit_score numeric(110,100) NOT NULL,
    owner_run_id uuid NOT NULL,
    db_entry_id uuid NOT NULL
);


ALTER TABLE public.barcode_blastn_hit OWNER TO admin;

--
-- Name: barcode_blastn_hit_id_seq; Type: SEQUENCE; Schema: public; Owner: admin
--

ALTER TABLE public.barcode_blastn_hit ALTER COLUMN id ADD GENERATED BY DEFAULT AS IDENTITY (
    SEQUENCE NAME public.barcode_blastn_hit_id_seq
    START WITH 1
    INCREMENT BY 1
    NO MINVALUE
    NO MAXVALUE
    CACHE 1
);


--
-- Name: barcode_blastn_nuccoresequence; Type: TABLE; Schema: public; Owner: admin
--

CREATE TABLE public.barcode_blastn_nuccoresequence (
    id uuid NOT NULL,
    created timestamp with time zone NOT NULL,
    accession_number character varying(255) NOT NULL,
    uid character varying(2048) NOT NULL,
    definition character varying(255) NOT NULL,
    organism character varying(255) NOT NULL,
    organelle character varying(255) NOT NULL,
    mol_type character varying(255) NOT NULL,
    isolate character varying(255) NOT NULL,
    country character varying(255) NOT NULL,
    specimen_voucher character varying(150) NOT NULL,
    dna_sequence text NOT NULL,
    translation text NOT NULL,
    owner_database_id uuid NOT NULL
);


ALTER TABLE public.barcode_blastn_nuccoresequence OWNER TO admin;

--
-- Name: django_admin_log; Type: TABLE; Schema: public; Owner: admin
--

CREATE TABLE public.django_admin_log (
    id integer NOT NULL,
    action_time timestamp with time zone NOT NULL,
    object_id text,
    object_repr character varying(200) NOT NULL,
    action_flag smallint NOT NULL,
    change_message text NOT NULL,
    content_type_id integer,
    user_id integer NOT NULL,
    CONSTRAINT django_admin_log_action_flag_check CHECK ((action_flag >= 0))
);


ALTER TABLE public.django_admin_log OWNER TO admin;

--
-- Name: django_admin_log_id_seq; Type: SEQUENCE; Schema: public; Owner: admin
--

ALTER TABLE public.django_admin_log ALTER COLUMN id ADD GENERATED BY DEFAULT AS IDENTITY (
    SEQUENCE NAME public.django_admin_log_id_seq
    START WITH 1
    INCREMENT BY 1
    NO MINVALUE
    NO MAXVALUE
    CACHE 1
);


--
-- Name: django_content_type; Type: TABLE; Schema: public; Owner: admin
--

CREATE TABLE public.django_content_type (
    id integer NOT NULL,
    app_label character varying(100) NOT NULL,
    model character varying(100) NOT NULL
);


ALTER TABLE public.django_content_type OWNER TO admin;

--
-- Name: django_content_type_id_seq; Type: SEQUENCE; Schema: public; Owner: admin
--

ALTER TABLE public.django_content_type ALTER COLUMN id ADD GENERATED BY DEFAULT AS IDENTITY (
    SEQUENCE NAME public.django_content_type_id_seq
    START WITH 1
    INCREMENT BY 1
    NO MINVALUE
    NO MAXVALUE
    CACHE 1
);


--
-- Name: django_migrations; Type: TABLE; Schema: public; Owner: admin
--

CREATE TABLE public.django_migrations (
    id bigint NOT NULL,
    app character varying(255) NOT NULL,
    name character varying(255) NOT NULL,
    applied timestamp with time zone NOT NULL
);


ALTER TABLE public.django_migrations OWNER TO admin;

--
-- Name: django_migrations_id_seq; Type: SEQUENCE; Schema: public; Owner: admin
--

ALTER TABLE public.django_migrations ALTER COLUMN id ADD GENERATED BY DEFAULT AS IDENTITY (
    SEQUENCE NAME public.django_migrations_id_seq
    START WITH 1
    INCREMENT BY 1
    NO MINVALUE
    NO MAXVALUE
    CACHE 1
);


--
-- Name: django_session; Type: TABLE; Schema: public; Owner: admin
--

CREATE TABLE public.django_session (
    session_key character varying(40) NOT NULL,
    session_data text NOT NULL,
    expire_date timestamp with time zone NOT NULL
);


ALTER TABLE public.django_session OWNER TO admin;

--
-- Data for Name: auth_group; Type: TABLE DATA; Schema: public; Owner: admin
--

COPY public.auth_group (id, name) FROM stdin;
\.


--
-- Data for Name: auth_group_permissions; Type: TABLE DATA; Schema: public; Owner: admin
--

COPY public.auth_group_permissions (id, group_id, permission_id) FROM stdin;
\.


--
-- Data for Name: auth_permission; Type: TABLE DATA; Schema: public; Owner: admin
--

COPY public.auth_permission (id, name, content_type_id, codename) FROM stdin;
1	Can add log entry	1	add_logentry
2	Can change log entry	1	change_logentry
3	Can delete log entry	1	delete_logentry
4	Can view log entry	1	view_logentry
5	Can add permission	2	add_permission
6	Can change permission	2	change_permission
7	Can delete permission	2	delete_permission
8	Can view permission	2	view_permission
9	Can add group	3	add_group
10	Can change group	3	change_group
11	Can delete group	3	delete_group
12	Can view group	3	view_group
13	Can add user	4	add_user
14	Can change user	4	change_user
15	Can delete user	4	delete_user
16	Can view user	4	view_user
17	Can add content type	5	add_contenttype
18	Can change content type	5	change_contenttype
19	Can delete content type	5	delete_contenttype
20	Can view content type	5	view_contenttype
21	Can add session	6	add_session
22	Can change session	6	change_session
23	Can delete session	6	delete_session
24	Can view session	6	view_session
25	Can add blast db	7	add_blastdb
26	Can change blast db	7	change_blastdb
27	Can delete blast db	7	delete_blastdb
28	Can view blast db	7	view_blastdb
29	Can add nuccore sequence	8	add_nuccoresequence
30	Can change nuccore sequence	8	change_nuccoresequence
31	Can delete nuccore sequence	8	delete_nuccoresequence
32	Can view nuccore sequence	8	view_nuccoresequence
33	Can add blast run	9	add_blastrun
34	Can change blast run	9	change_blastrun
35	Can delete blast run	9	delete_blastrun
36	Can view blast run	9	view_blastrun
37	Can add hit	10	add_hit
38	Can change hit	10	change_hit
39	Can delete hit	10	delete_hit
40	Can view hit	10	view_hit
\.


--
-- Data for Name: auth_user; Type: TABLE DATA; Schema: public; Owner: admin
--

COPY public.auth_user (id, password, last_login, is_superuser, username, first_name, last_name, email, is_staff, is_active, date_joined) FROM stdin;
1	pbkdf2_sha256$390000$sW6VlHYNFrisw8ksh9aGeh$Ch3HJxZ/9FBG74C+rAAhlGRzAGiucDKksePWIbcy1QY=	2022-11-15 08:58:08.52339-05	t	admin			william.huang1212@gmail.com	t	t	2022-11-06 17:02:20.502531-05
\.


--
-- Data for Name: auth_user_groups; Type: TABLE DATA; Schema: public; Owner: admin
--

COPY public.auth_user_groups (id, user_id, group_id) FROM stdin;
\.


--
-- Data for Name: auth_user_user_permissions; Type: TABLE DATA; Schema: public; Owner: admin
--

COPY public.auth_user_user_permissions (id, user_id, permission_id) FROM stdin;
\.


--
-- Data for Name: barcode_blastn_blastdb; Type: TABLE DATA; Schema: public; Owner: admin
--

COPY public.barcode_blastn_blastdb (id, created, custom_name, locked) FROM stdin;
4f33c746-e566-4cfb-a79d-1d4bcb8cae6d	2022-10-22 19:01:08.765683-04	Default database	t
\.


--
-- Data for Name: barcode_blastn_blastrun; Type: TABLE DATA; Schema: public; Owner: admin
--

COPY public.barcode_blastn_blastrun (id, runtime, job_name, query_sequence, blast_version, errors, db_used_id, job_end_time, job_start_time, job_status) FROM stdin;
\.


--
-- Data for Name: barcode_blastn_hit; Type: TABLE DATA; Schema: public; Owner: admin
--

COPY public.barcode_blastn_hit (id, query_accession_version, subject_accession_version, percent_identity, alignment_length, mismatches, gap_opens, query_start, query_end, sequence_start, sequence_end, evalue, bit_score, owner_run_id, db_entry_id) FROM stdin;
\.


--
-- Data for Name: barcode_blastn_nuccoresequence; Type: TABLE DATA; Schema: public; Owner: admin
--

COPY public.barcode_blastn_nuccoresequence (id, created, accession_number, uid, definition, organism, organelle, mol_type, isolate, country, specimen_voucher, dna_sequence, translation, owner_database_id) FROM stdin;
c1e9ae02-5c4a-4ea4-a24c-c13b467cf403	2022-10-22 19:02:16.653743-04	ON303372		Electrophorus electricus isolate 9793 cytochrome c oxidase subunit I (COX1) gene, partial cds; mitochondrial	Electrophorus electricus	mitochondrion	genomic DNA	9793	Suriname	UF:183797	tgagctggtatagttggaactgcccttagcttgctaattcgtgcagaactaagcnagccaggtgccttaataggggatgaccaaatctataatgtaattgtaacagcccatgcctttgtaataattttctttatggtaataccaattatgattgggggatttggaaattgattaatcccactgataattggggctcctgatatagcattcccccgaatgaataatataagcttctgattactccccccttcattcattctacttctcgcttcttccggagttgaagctggagccggcaccggttgaaccgtatacccccctcttgcaggaaatcttgcccatgctggagcctcggtagatttgacaattttttccctacacttagctggcgtatcctcgattctagggtcaattaatttcattacaactattattaacataaaacccccagcagcctctcagtaccaaacaccattatttgtttgagccttgctaatcaccacaatccttcttctcctatcactcccagttctagcagcaggaatcaccatactactaactgaccgtaacctcaacacaaccttttttgacccagctgggggtggtgatcccatcttatac		4f33c746-e566-4cfb-a79d-1d4bcb8cae6d
811687b6-fc5f-4881-b903-e256afa9bea8	2022-10-22 19:02:17.1705-04	MN195185		Electrophorus varii isolate MPEG25422_3 cytochrome oxidase subunit I (COI) gene, partial cds; mitochondrial	Electrophorus varii	mitochondrion	genomic DNA	MPEG25422_3			gttgggaccgcccttagcttgttaattcgtgctgaactaagccagccaggtaccttgatgggggatgaccagatttataatgtagttgtaactgcccatgctttcgtaataattttctttatggttataccaattatgattggaggatttggaaattgattaatcccactgataattggggctcctgatatagcattccctcgaatgaataatataagcttctgattactccctccttcattcattttacttctcgcttcctccggggttgaagccggagccggcaccggttgaactgtatacccccctcttgcaggtaatcttgcccatgctggagcctcggtagatttaacaattttttccctacacttggctggcatgtcctcaattctaggatcaattaacttcattacaaccattatcaacataaaacctcccgcagcctctcaataccaaacacccttgtttgtttgggccttgttaatcactacggtccttcttctattatcactcccagtattagcagcgggaatcaccatactactaactgaccgtaaccttaacacaa		4f33c746-e566-4cfb-a79d-1d4bcb8cae6d
64bdb88d-dff4-4feb-996e-a9925c8f2817	2022-10-22 19:02:18.196861-04	MN195160		Electrophorus voltai isolate MPEG15529_2 cytochrome oxidase subunit I (COI) gene, partial cds; mitochondrial	Electrophorus voltai	mitochondrion	genomic DNA	MPEG15529_2			gttggaaccgcccttagcctcttgattcgtgcagaactaagccaaccaggtgccttaataggggatgaccaaatttataatgtaattgtaacagcccatgcctttgtaataattttctttatggttatgccaattatgattgggggatttggaaactgattaatcccgctgataattggggctcctgatatagcattccctcgaatgaataatataagcttctgattacttcctccttcattcattttacttctcgcttcttccggagttgaagctggagccggcaccggttgaactgtatacccccctcttgcaggaaatcttgcccatgctggagcttcggtagatttgacaattttttccctacacttagctggcgtatcctcaattttggggtcaattaatttcattacaactattattaacatgaaacccccagcagcctctcaataccaaacacccttatttatttgagccttgttgatcaccacggtccttcttctcctatcacttccagtgttagcagcaggaattaccatgctattaactgaccgtaaccttaacacaa		4f33c746-e566-4cfb-a79d-1d4bcb8cae6d
3cf36ddf-d727-4f39-8d26-e2e1ca6be7a3	2022-10-22 19:02:19.126329-04	ON303378		Gymnotus anguillaris isolate 10545 cytochrome c oxidase subunit I (COX1) gene, partial cds; mitochondrial	Gymnotus anguillaris	mitochondrion	genomic DNA	10545	Suriname	ROM:100941	atagtatttggtgcctgagccggaatagttggcacagccctaagcctcctcatccgagcagaactaagtcaacccgggaccctccttggcgatgaccaaatttataacgtaattgttactgcccacgcctttgtaataatcttctttatagttatacctatcatgattggcggctttggaaactgacttatcccactaataatcggagccccagatatagcattcccccgaataaacaacatgagcttctgacttctcccgccctctttcctgcttctccttgcctcatcaggagttgaggccggggctggaacaggctgaaccgtatacccccctcttgcaggtaaccttgcccacgcaggagcctcagtagacctaactattttctccctacaccttgccggagtttcctcaattctcggggctattaattttatcactacaattattaatataaaacccccagctatctctcagtatcaaacccctttatttatctgggccctgctagtaaccaccgtcctcttacttctttctcttccagtcttagctgccggtattaccatactactaacagaccgaaacttaaatacaactttctttgacccagcaggcggaggggaccctattctatatcaacaccta		4f33c746-e566-4cfb-a79d-1d4bcb8cae6d
960480e2-3200-4e64-b594-f635c29518ec	2022-10-22 19:02:20.140501-04	ON303379		Gymnotus arapaima isolate 2003 cytochrome c oxidase subunit I (COX1) gene, partial cds; mitochondrial	Gymnotus arapaima	mitochondrion	genomic DNA	2003	Brazil	MZUSP:103219	atagtatttggtgcctgagccggaatagttggcacagctttaagcctccttatccgagcagaactaagtcaacccggagccctcctaggcgatgatcaaatttataatgtaattgttactgcccacgctttcgtaatgattttctttatagtaatgcctatcatgattggaggcttcggaaactgattaattccactaataattggagctccagacatagcatttccccgaataaataacataagcttctgacttcttcccccttcttttttacttctccttgcatcatccggagttgaagccggagctggaacaggctgaacagtatacccccctctcgcaggcaatcttgcccatgcaggtgcttcagtagacttaactatcttctcccttcacctagccggagtttcctctattctagggtctattaattttattaccacaattattaatatgaagcctccagccatttctcagtatcaaaccccattatttatttgagcacttctaattactactgtccttttactcctctcccttcccgtattagccgctggaattactatgttattaacagatcgaaacttaaacacaaccttctttgacccagcaggcggtggagatcccattctctatcaacactta		4f33c746-e566-4cfb-a79d-1d4bcb8cae6d
972c5c05-9e9f-4535-91f7-be6b11280b28	2022-10-22 19:02:21.127766-04	ON303380		Gymnotus ardilai isolate 8186 cytochrome c oxidase subunit I (COX1) gene, partial cds; mitochondrial	Gymnotus ardilai	mitochondrion	genomic DNA	8186	Colombia	IAvHP 11510	atagtatttggtgcctgagccggaatagttggcacagctttaagcctccttatccgagcagaattaagtcaacccggggccctcctaggtgatgatcaaatttataatgtaatcgttactgcccacgctttcgtaatgattttctttatggtaatacctatcatgattggaggtttcggaaactgattaattcccctaataattggagccccagacatagcatttccccgaataaataacataagcttctgacttctccccccttcttttttacttctccttgcatcatccggagttgaagctggagctggaacaggctgaacagtatacccccctctcgcaggtaatcttgcccatgcaggtgcttcagtagacttaactatcttctcccttcatctagccggagtttcctctattctagggtctattaattttattaccacaattattaatatgaaacctccagctatttctcaatatcaaaccccattatttatttgagcacttctaattaccactgttcttttactcctttcccttcccgtgctagccgctggaattactatgttattaacagatcgaaacttaaacacaaccttctttgatccggcaggcgggggagatcccattctctatcaacactta		4f33c746-e566-4cfb-a79d-1d4bcb8cae6d
35ab3456-1349-4987-8d24-7eff1e19f401	2022-10-22 19:02:22.135143-04	ON303381		Gymnotus bahianus isolate 7244 cytochrome c oxidase subunit I (COX1) gene, partial cds; mitochondrial	Gymnotus bahianus	mitochondrion	genomic DNA	7244	Brazil	MZUSP:102898	atagtatttggtgcctgagccggaatagttggcacagctttaagcctccttatccgagcagaactaagccaacccggagccctcctaggcgatgatcaaatttataatgtaattgttactgcccacgctttcgtaatgattttctttatagtaatgcctatcatgattggaggcttcggaaactgattaattccactaataattggagctccagacatagcatttccccgaataaataacataagcttctgacttcttcccccttcttttttacttctccttgcatcatccggagttgaagccggagctggaacaggctgaacagtatacccccctctcgcaggcaatcttgcccatgcaggtgcttcagtagacctaactatcttctcccttcacctagccggagtttcctctattctagggtctattaattttattaccacaattattaatatgaaacctccagccatttctcagtatcaaaccccattatttatttgagcccttctaatcactactgtccttttactcctctcccttcccgtattagccgctggaattactatgttattaacagatcgaaacttaaacacaaccttctttgacccagcaggcggtggagaccccattctctaccaacactta		4f33c746-e566-4cfb-a79d-1d4bcb8cae6d
1b9e5470-3331-4203-959d-dd7d19619481	2022-10-22 19:02:23.12735-04	ON303382		Gymnotus carapo isolate 7005 cytochrome c oxidase subunit I (COX1) gene, partial cds; mitochondrial	Gymnotus carapo	mitochondrion	genomic DNA	7005	Suriname	UF:180169	atagtatttggtgcctgagccggaatagttggcacagctttaagcctccttatccgagcagaactaagtcaacccggagccctcctaggcgatgatcaaatttataatgtaattgttactgcccacgctttcgtaatgattttctttatagtaatgcctatcatgattggaggcttcggaaactgattaattccactaataattggagctccagacatagcatttccccgaataaataacataagcttctgacttcttcccccttcttttttacttctccttgcatcatccggagttgaagccggagctggaacaggctgaacagtatacccccctctcgcaggcaatcttgcccatgcaggtgcttcagtagacttaactatcttctcccttcacctagccggagtttcctctattctagggtctattaattttattaccacaattattaatatgaaacctccagccatttctcagtatcaaaccccattatttatttgagcacttctaattactactgtccttttactcctctcccttcccgtactagccgctggaattactatgttattaacagatcgaaacttaaacacaaccttctttgacccagcaggcggtggagatcccattctctatcaacactta		4f33c746-e566-4cfb-a79d-1d4bcb8cae6d
62537266-640f-46f2-a688-4babc3880d88	2022-10-22 19:02:24.468424-04	ON303383		Gymnotus cataniapo isolate 2063 cytochrome c oxidase subunit I (COX1) gene, partial cds; mitochondrial	Gymnotus cataniapo	mitochondrion	genomic DNA	2063	Venezuela	UF:174332	atagtatttggcgcctgagccggaatagttggcacagccttaagcctcctcatccgggcagaactcagtcaacccggggccctccttggcgacgaccaaatttataatgtaattgttactgcccacgccttcgtaataatcttctttatggtgatacccatcatgattggaggctttggaaactgactaatcccactaataatcggagccccagatatagcattcccacgaataaacaacatgagcttttgacttctcccgccctctttcctgcttctccttgcctcctcaggggttgaagctggggctgggacaggctgaaccgtatatcccccccttgcaggcaaccttgcccacgcaggagcctcagtagacctgactatcttctccctccaccttgccggggtttcttcaattcttgggtctattaactttattaccacaattattaacatgaaacccccagctatttcccaatatcaaaccccattgtttatttgggccttattagtaaccaccgtcctcttgcttctctcccttccagtcttagctgctggtattactatactactaacggaccgaaatttaaacacaactttcttcgaccccgcaggcggaggggaccccatcctataccaacaccta		4f33c746-e566-4cfb-a79d-1d4bcb8cae6d
6df7441c-2cbb-41a6-88e2-6df33ac88f97	2022-10-22 19:02:25.118196-04	ON303384		Gymnotus chaviro isolate 7358 cytochrome c oxidase subunit I (COX1) gene, partial cds; mitochondrial	Gymnotus chaviro	mitochondrion	genomic DNA	7358	Peru	MUSM:33729	atagtatttggtgcctgggccggaatagttggcacagctttaagtctccttatccgagcagaactaagtcaacccggagccctcctcggtgacgatcaaatttataatgtaatcgttactgcccacgcttttgtaatgattttctttatagtaatacccatcatgattggaggctttggaaactgattaattccactaataattggggccccagacatagcatttccccgaataaataatataagcttctgactcctccccccttcttttttacttctccttgcatcatccggagttgaggctggagccggaacaggatgaacagtatatccccctctcgcaggtaatcttgcccatgcaggagcttcagtagacttaactattttttccctccacctcgccggagtctcctctattctaggatctattaattttattaccacaatcattaatataaaacccccagctatttctcaataccaaaccccactatttatttgagcacttctaattactacggtccttttactcctctccctcccagtattagctgctggaattactatattactgacagatcgaaacttaaacacaaccttctttgatccggcaggcgggggagatcctattctataccaacactta		4f33c746-e566-4cfb-a79d-1d4bcb8cae6d
4d06ef71-a18f-4310-ae53-ddc37d2d3d16	2022-10-22 19:02:26.111742-04	ON303385		Gymnotus chimarrao isolate 11051 cytochrome c oxidase subunit I (COX1) gene, partial cds; mitochondrial	Gymnotus chimarrao	mitochondrion	genomic DNA	11051	Brazil	MCP 28583	atagtatttggtgcctgagccggaatagtgggtacagctttaagcctcctcatccgagcagaactaagtcaacccggagccctcctaggtgacgatcaaatttataatgtaatcgttactgcccacgctttcgtaatgattttctttatagtaatacctatcatgattggaggcttcggaaactgattaattccgctaataattggagccccagacatagcattcccccgaataaacaacataagcttctggcttcttcccccttcttttttacttctccttgcatcatccggagttgaagctggggccggaacaggctgaacagtatatccccctctcgcaggcaatcttgcccatgcaggtgcttcagtagacttaacaatcttctcccttcacctagccggagtctcttctattctagggtctattaattttattaccacaattattaatatgaaacccccagctatttctcaatatcaaaccccattgttcatttgagctattctaattaccactgttcttttactactttcccttcccgtgttagccgctggaattactatgctattaacagatcgaaacctaaacacaaccttctttgacccagctggcgggggagatcccattctctatcaacactta		4f33c746-e566-4cfb-a79d-1d4bcb8cae6d
c87beb4e-a2c4-45d0-8dc1-a3c414f50319	2022-10-22 19:02:27.328354-04	ON303386		Gymnotus choco isolate 8209 cytochrome c oxidase subunit I (COX1) gene, partial cds; mitochondrial	Gymnotus choco	mitochondrion	genomic DNA	8209	Colombia	IAvHP 10646	atagtatttggtgcctgagccggaatagttggcacagctttaagcctccttatccgagcagaattaagtcaacccggggccctcctaggtgatgatcaaatttataatgtaatcgttactgcccacgctttcgtaatgattttctttatagtaatacctatcatgattggaggcttcggaaactgattaattccactaataattggagccccagacatagcatttccccgaataaataacataagcttctgacttctccccccttcttttttacttctccttgcatcatccggagttgaagctggagctggaacaggctgaacagtatacccccctctcgcaggtaatcttgcccatgcaggtgcttcagtagacttaactattttctcccttcatctagccggagtttcctctattctagggtctattaattttatcaccacaattgttaatatgaaacctccagctatttctcaatatcaaaccccattatttatttgagcacttctaattaccactgttcttttactcctttccctccccgtgttagccgctggaattaccatgctattaacagatcgaaacttaaacacaaccttctttgatccggcaggcgggggagatcccattctctatcaacactta		4f33c746-e566-4cfb-a79d-1d4bcb8cae6d
9ddd0e1a-b582-429d-b42d-c6fc5dc2f188	2022-10-22 19:02:28.171722-04	ON303387		Gymnotus coatesi isolate 2043 cytochrome c oxidase subunit I (COX1) gene, partial cds; mitochondrial	Gymnotus coatesi	mitochondrion	genomic DNA	2043	Brazil	MCP 34472	atagtatttggtgcttgagccggaatagttggcactgctttaagcctacttatccgagcagaactaagtcaacccggggccttactcggcgacgaccaaatttataatgtagtcgttactgcccatgccttcgtaataatcttctttatagttatacctattataatcggaggcttcggaaactgactaattcccctaataattggagccccagacatggcgtttccccgaatgaataatataagcttttggctcctgcccccctccttccttcttttgcttgcctcctctggggttgaagccggggccggaacaggctggaccgtctacccacccctcgcaggcaatcttgcccacgccggggcctcagtagacctaaccatcttctctttacaccttgccggagtctcctctattcttggttctattaattttattaccacaattattaacataaaacccccaaccatctcccaataccaaacccccttatttatctgagccatactggtaactacagtcctcctactactatccctccctgtattagctgctggcatcactatgctactaacagaccgaaacttaaacacaaccttcttcgaccccgcaggcggaggagaccccattctatatcaacacctc		4f33c746-e566-4cfb-a79d-1d4bcb8cae6d
4bc2eaf4-e5a7-4f56-9b3e-26579cb68fa1	2022-10-22 19:02:29.103448-04	ON303388		Gymnotus coropinae isolate 6969 cytochrome c oxidase subunit I (COX1) gene, partial cds; mitochondrial	Gymnotus coropinae	mitochondrion	genomic DNA	6969	Suriname	UF:180168	gttggcacagccttaagcctacttatccgagcagaactaagtcaacccggggccctactcggcgatgaccaaatctataatgtaatcgttactgcccacgccttcgtaatgattttcttcatggttatacccatcataattgggggtttcggaaactggttaattcccctaataattggggccccagacatagcattcccccgaataaataacataagcttctgacttctacccccctctttccttcttctacttgcctcctctggggttgaggccggggccggaacaggttgaaccgtatacccccctctcgcaggcaatctcgcccacgccggagcctcagtagacctgaccattttctccctacaccttgccggagtctcctctattcttgggtctatcaattttattaccacgattattaatataaaacccccaaccatctcccaataccagacccccttatttatctgggccatgctagtgacaacagttcttctactactatccctccccgtcttggcggctggcatcaccatactactaacagaccgaaatttaaatacaaccttc		4f33c746-e566-4cfb-a79d-1d4bcb8cae6d
21b4f7cc-5f4e-4ecf-9e41-4679888c2642	2022-10-22 19:02:30.144188-04	ON303389		Gymnotus curupira isolate 2021 cytochrome c oxidase subunit I (COX1) gene, partial cds; mitochondrial	Gymnotus curupira	mitochondrion	genomic DNA	2021	Brazil	MZUSP:75146	atagtatttggtgcctgagccggaatagttggcacagctttaagcctccttatccgagcagaactaagtcaacccggagctctcctcggtgacgatcaaatttataatgtaatcgttactgcccacgctttcgtaatgattttctttatagtaatacccatcatgattggaggcttcggaaactgattaattccactaataattggagctccagacatagcatttcctcgaataaataatataagcttctgactccttcccccttctttcttacttctccttgcatcatccggggttgaagctggtgccggaacaggatgaacagtatatccccctctcgcaggcaatcttgcccatgcaggagcctcagtagacttaactatcttctccctccacctcgccggagtctcctctattctagggtctattaattttattaccacaattattaacatgaaacctccagctatttctcaataccaaaccccactatttatttgggcacttctaattactacggttcttctacttctatccctcccagtattggctgctggaattactatgctactaacagatcgaaacttaaacacaaccttctttgacccagcgggcgggggagatcctattttatatcaacactta		4f33c746-e566-4cfb-a79d-1d4bcb8cae6d
20cc4af4-d005-498b-ac41-91aa4c53b0f2	2022-10-22 19:02:31.202904-04	ON303390		Gymnotus cylindricus isolate 2094 cytochrome c oxidase subunit I (COX1) gene, partial cds; mitochondrial	Gymnotus cylindricus	mitochondrion	genomic DNA	2094	Costa Rica	ROM:84772	atagtatttggtgcctgagccggaatagttggcacagctttaagcctccttatccgagcagaactaagtcaacccggagccctcctcggggacgaccaaatttataatgtaattgttactgcccacgctttcgtaataattttttttatagtaatacccattataattggaggcttcggaaattgattaactccactaataattggagccccagacatagcatttccccgaataaataatataagcttttgactccttcctccttcttttttacttctccttgcatcatccggagttgaagcaggggccggaacaggctgaacagtatacccccctcttgcaggcaatcttgcccatgcaggagcctcagtagatctaactattttctctcttcatctagccggagtttcttcaattctaggatccattaactttattaccacaattattaatataaaacctccagccatttctcaatatcaaaccccactatttatttgatcacttctagtaaccactgtccttttactcctctctcttccagtactagctgctggtatcaccatactactaacagatcgaaacttaaacacaacattctttgacccggcgggcggaggagatcctattttatatcaacattta		4f33c746-e566-4cfb-a79d-1d4bcb8cae6d
e1c8232f-de00-4b94-a0ef-1af670f92c7a	2022-10-22 19:02:32.13447-04	ON303391		Gymnotus esmeraldas isolate 10865 cytochrome c oxidase subunit I (COX1) gene, partial cds; mitochondrial	Gymnotus esmeraldas	mitochondrion	genomic DNA	10865	Ecuador	ZOO.A.V.Pe0310	atagtatttggtgcctgagctggaatagttggcacagccttgagcctactgatccgagcagaactaagccaacccggaaccctcctaggcgatgaccaaatttataatgtaatcgttactgcccacgccttcgtaatgattttctttatagttatacctattatgattggaggcttcgggaactgattaattccactaataattggggccccagacatagcattcccccgaataaataatataagcttttgacttctccccccttcttttttacttctccttgcttcatccggagtcgaggccggagccggaacaggctgaaccgtatatccgcctcttgcaagcaatcttgctcacgcaggagcttcagtagatttggctattttttcactacacctcgccggaatctcctcaatcctcgggtctattaactttattaccacaattattaacataaaacccccagccattacccaataccaaacccccctatttatctgagcacttctagtgactaccgtcctcctactcctctctcttccggtactggctgccggcattactatgctattaacagaccgaaacctaaacacaactttctttgaccctgcaggcgggggagaccctatcttataccaacactta		4f33c746-e566-4cfb-a79d-1d4bcb8cae6d
07e675b2-b9ee-4a27-b603-ab09aba65dd3	2022-10-22 19:02:33.144893-04	ON303392		Gymnotus henni isolate 8189 cytochrome c oxidase subunit I (COX1) gene, partial cds; mitochondrial	Gymnotus henni	mitochondrion	genomic DNA	8189	Colombia	IMCN:4521	atagtatttggtgcctgagctgggatagttggcacagccctgagcctgcttatccgagcagaactaagccaacccggagcccttctcggcgatgaccaaatttataatgtaatcgttactgcccacgccttcgtaatgattttctttatagttatacccatcataattggaggcttcgggaactgattaattccactgataattggagctccagatatagcattcccccgaataaataatataagcttttggcttctccccccttcttttctgcttctccttgcttcatccggagtagaggctggggctggaacaggctgaactgtctatccgcctcttgcaagcaatcttgctcacgcaggggcttcagtagatctagccattttttccctccacctcgccggaatctcctcaatcctcgggtctattaactttatcaccacaattattaacataaaacccccagctatttcccaataccaaacccccctattcatctgggcactcctagtaactactgtccttctgctcctctctcttccagtgctagctgccggtattaccatattattaacagaccgaaacctaaacacaactttctttgaccctgcaggcggaggagaccctgtcttatatcaacacctg		4f33c746-e566-4cfb-a79d-1d4bcb8cae6d
3bdb4543-7e9d-436a-8f4f-eca891e7a94e	2022-10-22 19:02:34.123845-04	ON303393		Gymnotus inaequilabiatus isolate 10977 cytochrome c oxidase subunit I (COX1) gene, partial cds; mitochondrial	Gymnotus inaequilabiatus	mitochondrion	genomic DNA	10977	Argentina	ANSP:192991	atggtatttggtgcctgagccggaatagttggcacagccctgagcctgcttatccgagcagaactaagtcaaccaggagccctcctcggcgatgaccagatttataatgtaattgttaccgcccacgcctttgtaataattttctttatagttatacccattatgattgggggtttcggaaactgattaattccgctgataattggagccccagacatagcatttccacgaataaacaacataagcttttgacttctccccccttctttcctacttctccttacttcatccggggtagaagccggagccggaacaggctgaactgtatacccacctcttgcgggcaatcttgcccatgcaggagcttcagtagacttaactattttctccctccaccttgccggggtctcctcaatcctcgggtctattaacttcattaccacaattattaatatgaaacccccagctatttccctatatcaaacccccctattcatctgagcacttctagtaacgaccatccttttactcctctccctcccagtactggccgccggcattaccatgctactaacagaccgaaacctaaatacaactttcttcgaccccgcaggcggaggggatcctattttataccaacaccta		4f33c746-e566-4cfb-a79d-1d4bcb8cae6d
12be1317-9698-4c9d-b86d-c5deda9521a0	2022-10-22 19:02:35.152867-04	ON303394		Gymnotus javari isolate 2020 cytochrome c oxidase subunit I (COX1) gene, partial cds; mitochondrial	Gymnotus javari	mitochondrion	genomic DNA	2020	Peru	UF:122824	atagtatttggtgcctgagccggaatagttggcactgccttaagcctactcattcgagcagaactaagtcaacccggggccttactcggcgacgaccaaatttataacgtagtcgttactgcccacgccttcgtaataatcttctttatggttatacctattataatcggaggcttcggaaactgactaattcccctaataattggggccccagacatggcgtttccccgaatgaacaatataagcttttggctcctgcccccctccttccttcttttgcttgcctcctctggggttgaagccggagccggaacaggctgaaccgtctacccacccctcgcaggcaatcttgcccacgccggggcctcagtagacctaaccattttctcactacaccttgccggagtctcctctattcttggctctattaattttattaccacaattattaacataaaacccccaaccatctcccaataccaaacccccttatttatctgagccatgctggtaactacagtcctcctactactatccctccctgtattagccgccggtatcaccatgctactaacagaccgaaacttaaacacaaccttcttcgaccccgcaggcggaggagaccccattctataccaacacctc		4f33c746-e566-4cfb-a79d-1d4bcb8cae6d
\.


--
-- Data for Name: django_admin_log; Type: TABLE DATA; Schema: public; Owner: admin
--

COPY public.django_admin_log (id, action_time, object_id, object_repr, action_flag, change_message, content_type_id, user_id) FROM stdin;
\.


--
-- Data for Name: django_content_type; Type: TABLE DATA; Schema: public; Owner: admin
--

COPY public.django_content_type (id, app_label, model) FROM stdin;
1	admin	logentry
2	auth	permission
3	auth	group
4	auth	user
5	contenttypes	contenttype
6	sessions	session
7	barcode_blastn	blastdb
8	barcode_blastn	nuccoresequence
9	barcode_blastn	blastrun
10	barcode_blastn	hit
11	django_rq	queue
\.


--
-- Data for Name: django_migrations; Type: TABLE DATA; Schema: public; Owner: admin
--

COPY public.django_migrations (id, app, name, applied) FROM stdin;
1	contenttypes	0001_initial	2022-10-22 16:46:23.725374-04
2	auth	0001_initial	2022-10-22 16:46:26.016799-04
3	admin	0001_initial	2022-10-22 16:46:26.566363-04
4	admin	0002_logentry_remove_auto_add	2022-10-22 16:46:26.615424-04
5	admin	0003_logentry_add_action_flag_choices	2022-10-22 16:46:26.663938-04
6	contenttypes	0002_remove_content_type_name	2022-10-22 16:46:26.728197-04
7	auth	0002_alter_permission_name_max_length	2022-10-22 16:46:26.806246-04
8	auth	0003_alter_user_email_max_length	2022-10-22 16:46:26.865773-04
9	auth	0004_alter_user_username_opts	2022-10-22 16:46:26.914092-04
10	auth	0005_alter_user_last_login_null	2022-10-22 16:46:26.965374-04
11	auth	0006_require_contenttypes_0002	2022-10-22 16:46:27.008461-04
12	auth	0007_alter_validators_add_error_messages	2022-10-22 16:46:27.057616-04
13	auth	0008_alter_user_username_max_length	2022-10-22 16:46:27.200092-04
14	auth	0009_alter_user_last_name_max_length	2022-10-22 16:46:27.249255-04
15	auth	0010_alter_group_name_max_length	2022-10-22 16:46:27.298471-04
16	auth	0011_update_proxy_permissions	2022-10-22 16:46:27.352532-04
17	auth	0012_alter_user_first_name_max_length	2022-10-22 16:46:27.40616-04
18	sessions	0001_initial	2022-10-22 16:46:27.926067-04
19	barcode_blastn	0001_initial	2022-10-22 16:49:26.345093-04
20	barcode_blastn	0002_rename_uuid_blastdb_id_rename_uuid_blastrun_id_and_more	2022-10-22 17:36:02.909355-04
26	django_rq	0001_initial	2022-11-06 16:42:56.452887-05
27	barcode_blastn	0003_blastrun_finished	2022-11-06 17:43:09.412963-05
28	barcode_blastn	0004_remove_blastrun_finished_blastrun_job_end_time_and_more	2022-11-06 18:45:07.599342-05
29	barcode_blastn	0005_hit_db_entry	2022-11-15 08:57:41.834876-05
30	barcode_blastn	0006_alter_hit_db_entry	2022-11-15 09:04:27.35317-05
\.


--
-- Data for Name: django_session; Type: TABLE DATA; Schema: public; Owner: admin
--

COPY public.django_session (session_key, session_data, expire_date) FROM stdin;
13g23mmqg5fnoqyd7852740r003k6zgv	.eJxVjMsOwiAQRf-FtSE8Bigu3fsNhM5MpWogKe3K-O_apAvd3nPOfYmUt7WkrfOSZhJnocXpdxszPrjugO653prEVtdlHuWuyIN2eW3Ez8vh_h2U3Mu3NpE1Ts4G6_wEQIwxRKMpgGKlQTkbCcHTQMqoYEhDZksB2XkDMDjx_gDFRjbn:1ornit:6xxSXAuFo8ba6CM2XVzg_t-nbShE9fa-LgTmPH_V8RE	2022-11-20 17:02:35.804384-05
p8kc287lkrwndv2kyj9ihcc157ogz7nm	.eJxVjMsOwiAQRf-FtSE8Bigu3fsNhM5MpWogKe3K-O_apAvd3nPOfYmUt7WkrfOSZhJnocXpdxszPrjugO653prEVtdlHuWuyIN2eW3Ez8vh_h2U3Mu3NpE1Ts4G6_wEQIwxRKMpgGKlQTkbCcHTQMqoYEhDZksB2XkDMDjx_gDFRjbn:1ou31t:BhZ5_V2CEkNTO_49u4RqvDr2p4aFrfHXerdwcVSMJzo	2022-11-26 21:47:29.247884-05
xvq4hfwp305fp7no4w9wfif02r793mol	.eJxVjMsOwiAQRf-FtSE8Bigu3fsNhM5MpWogKe3K-O_apAvd3nPOfYmUt7WkrfOSZhJnocXpdxszPrjugO653prEVtdlHuWuyIN2eW3Ez8vh_h2U3Mu3NpE1Ts4G6_wEQIwxRKMpgGKlQTkbCcHTQMqoYEhDZksB2XkDMDjx_gDFRjbn:1ouPxQ:30U1aya6CUAHMJWMSdABNpt1TWu7gP6WEVJF-3HlLaE	2022-11-27 22:16:24.046329-05
33ipq15bbdx58osjkz3ads0t6ftgekvp	.eJxVjMsOwiAQRf-FtSE8Bigu3fsNhM5MpWogKe3K-O_apAvd3nPOfYmUt7WkrfOSZhJnocXpdxszPrjugO653prEVtdlHuWuyIN2eW3Ez8vh_h2U3Mu3NpE1Ts4G6_wEQIwxRKMpgGKlQTkbCcHTQMqoYEhDZksB2XkDMDjx_gDFRjbn:1ouiOV:j2O9YxyTUN7Iqi5jssOQGW4a5iUFpTDy_9BUONri0tg	2022-11-28 17:57:35.234386-05
3wkxkyfw10ucmo6kk73qgsbnduczu6i6	.eJxVjMsOwiAQRf-FtSE8Bigu3fsNhM5MpWogKe3K-O_apAvd3nPOfYmUt7WkrfOSZhJnocXpdxszPrjugO653prEVtdlHuWuyIN2eW3Ez8vh_h2U3Mu3NpE1Ts4G6_wEQIwxRKMpgGKlQTkbCcHTQMqoYEhDZksB2XkDMDjx_gDFRjbn:1ouwS0:C-LpMci-x-z4wuP_kelmn4fgB1pnyP3z06nrXDLPbI0	2022-11-29 08:58:08.581228-05
\.


--
-- Name: auth_group_id_seq; Type: SEQUENCE SET; Schema: public; Owner: admin
--

SELECT pg_catalog.setval('public.auth_group_id_seq', 1, false);


--
-- Name: auth_group_permissions_id_seq; Type: SEQUENCE SET; Schema: public; Owner: admin
--

SELECT pg_catalog.setval('public.auth_group_permissions_id_seq', 1, false);


--
-- Name: auth_permission_id_seq; Type: SEQUENCE SET; Schema: public; Owner: admin
--

SELECT pg_catalog.setval('public.auth_permission_id_seq', 40, true);


--
-- Name: auth_user_groups_id_seq; Type: SEQUENCE SET; Schema: public; Owner: admin
--

SELECT pg_catalog.setval('public.auth_user_groups_id_seq', 1, false);


--
-- Name: auth_user_id_seq; Type: SEQUENCE SET; Schema: public; Owner: admin
--

SELECT pg_catalog.setval('public.auth_user_id_seq', 1, true);


--
-- Name: auth_user_user_permissions_id_seq; Type: SEQUENCE SET; Schema: public; Owner: admin
--

SELECT pg_catalog.setval('public.auth_user_user_permissions_id_seq', 1, false);


--
-- Name: barcode_blastn_hit_id_seq; Type: SEQUENCE SET; Schema: public; Owner: admin
--

SELECT pg_catalog.setval('public.barcode_blastn_hit_id_seq', 40, true);


--
-- Name: django_admin_log_id_seq; Type: SEQUENCE SET; Schema: public; Owner: admin
--

SELECT pg_catalog.setval('public.django_admin_log_id_seq', 1, false);


--
-- Name: django_content_type_id_seq; Type: SEQUENCE SET; Schema: public; Owner: admin
--

SELECT pg_catalog.setval('public.django_content_type_id_seq', 11, true);


--
-- Name: django_migrations_id_seq; Type: SEQUENCE SET; Schema: public; Owner: admin
--

SELECT pg_catalog.setval('public.django_migrations_id_seq', 30, true);


--
-- Name: auth_group auth_group_name_key; Type: CONSTRAINT; Schema: public; Owner: admin
--

ALTER TABLE ONLY public.auth_group
    ADD CONSTRAINT auth_group_name_key UNIQUE (name);


--
-- Name: auth_group_permissions auth_group_permissions_group_id_permission_id_0cd325b0_uniq; Type: CONSTRAINT; Schema: public; Owner: admin
--

ALTER TABLE ONLY public.auth_group_permissions
    ADD CONSTRAINT auth_group_permissions_group_id_permission_id_0cd325b0_uniq UNIQUE (group_id, permission_id);


--
-- Name: auth_group_permissions auth_group_permissions_pkey; Type: CONSTRAINT; Schema: public; Owner: admin
--

ALTER TABLE ONLY public.auth_group_permissions
    ADD CONSTRAINT auth_group_permissions_pkey PRIMARY KEY (id);


--
-- Name: auth_group auth_group_pkey; Type: CONSTRAINT; Schema: public; Owner: admin
--

ALTER TABLE ONLY public.auth_group
    ADD CONSTRAINT auth_group_pkey PRIMARY KEY (id);


--
-- Name: auth_permission auth_permission_content_type_id_codename_01ab375a_uniq; Type: CONSTRAINT; Schema: public; Owner: admin
--

ALTER TABLE ONLY public.auth_permission
    ADD CONSTRAINT auth_permission_content_type_id_codename_01ab375a_uniq UNIQUE (content_type_id, codename);


--
-- Name: auth_permission auth_permission_pkey; Type: CONSTRAINT; Schema: public; Owner: admin
--

ALTER TABLE ONLY public.auth_permission
    ADD CONSTRAINT auth_permission_pkey PRIMARY KEY (id);


--
-- Name: auth_user_groups auth_user_groups_pkey; Type: CONSTRAINT; Schema: public; Owner: admin
--

ALTER TABLE ONLY public.auth_user_groups
    ADD CONSTRAINT auth_user_groups_pkey PRIMARY KEY (id);


--
-- Name: auth_user_groups auth_user_groups_user_id_group_id_94350c0c_uniq; Type: CONSTRAINT; Schema: public; Owner: admin
--

ALTER TABLE ONLY public.auth_user_groups
    ADD CONSTRAINT auth_user_groups_user_id_group_id_94350c0c_uniq UNIQUE (user_id, group_id);


--
-- Name: auth_user auth_user_pkey; Type: CONSTRAINT; Schema: public; Owner: admin
--

ALTER TABLE ONLY public.auth_user
    ADD CONSTRAINT auth_user_pkey PRIMARY KEY (id);


--
-- Name: auth_user_user_permissions auth_user_user_permissions_pkey; Type: CONSTRAINT; Schema: public; Owner: admin
--

ALTER TABLE ONLY public.auth_user_user_permissions
    ADD CONSTRAINT auth_user_user_permissions_pkey PRIMARY KEY (id);


--
-- Name: auth_user_user_permissions auth_user_user_permissions_user_id_permission_id_14a6b632_uniq; Type: CONSTRAINT; Schema: public; Owner: admin
--

ALTER TABLE ONLY public.auth_user_user_permissions
    ADD CONSTRAINT auth_user_user_permissions_user_id_permission_id_14a6b632_uniq UNIQUE (user_id, permission_id);


--
-- Name: auth_user auth_user_username_key; Type: CONSTRAINT; Schema: public; Owner: admin
--

ALTER TABLE ONLY public.auth_user
    ADD CONSTRAINT auth_user_username_key UNIQUE (username);


--
-- Name: barcode_blastn_blastdb barcode_blastn_blastdb_pkey; Type: CONSTRAINT; Schema: public; Owner: admin
--

ALTER TABLE ONLY public.barcode_blastn_blastdb
    ADD CONSTRAINT barcode_blastn_blastdb_pkey PRIMARY KEY (id);


--
-- Name: barcode_blastn_blastrun barcode_blastn_blastrun_pkey; Type: CONSTRAINT; Schema: public; Owner: admin
--

ALTER TABLE ONLY public.barcode_blastn_blastrun
    ADD CONSTRAINT barcode_blastn_blastrun_pkey PRIMARY KEY (id);


--
-- Name: barcode_blastn_hit barcode_blastn_hit_pkey; Type: CONSTRAINT; Schema: public; Owner: admin
--

ALTER TABLE ONLY public.barcode_blastn_hit
    ADD CONSTRAINT barcode_blastn_hit_pkey PRIMARY KEY (id);


--
-- Name: barcode_blastn_nuccoresequence barcode_blastn_nuccoresequence_pkey; Type: CONSTRAINT; Schema: public; Owner: admin
--

ALTER TABLE ONLY public.barcode_blastn_nuccoresequence
    ADD CONSTRAINT barcode_blastn_nuccoresequence_pkey PRIMARY KEY (id);


--
-- Name: django_admin_log django_admin_log_pkey; Type: CONSTRAINT; Schema: public; Owner: admin
--

ALTER TABLE ONLY public.django_admin_log
    ADD CONSTRAINT django_admin_log_pkey PRIMARY KEY (id);


--
-- Name: django_content_type django_content_type_app_label_model_76bd3d3b_uniq; Type: CONSTRAINT; Schema: public; Owner: admin
--

ALTER TABLE ONLY public.django_content_type
    ADD CONSTRAINT django_content_type_app_label_model_76bd3d3b_uniq UNIQUE (app_label, model);


--
-- Name: django_content_type django_content_type_pkey; Type: CONSTRAINT; Schema: public; Owner: admin
--

ALTER TABLE ONLY public.django_content_type
    ADD CONSTRAINT django_content_type_pkey PRIMARY KEY (id);


--
-- Name: django_migrations django_migrations_pkey; Type: CONSTRAINT; Schema: public; Owner: admin
--

ALTER TABLE ONLY public.django_migrations
    ADD CONSTRAINT django_migrations_pkey PRIMARY KEY (id);


--
-- Name: django_session django_session_pkey; Type: CONSTRAINT; Schema: public; Owner: admin
--

ALTER TABLE ONLY public.django_session
    ADD CONSTRAINT django_session_pkey PRIMARY KEY (session_key);


--
-- Name: auth_group_name_a6ea08ec_like; Type: INDEX; Schema: public; Owner: admin
--

CREATE INDEX auth_group_name_a6ea08ec_like ON public.auth_group USING btree (name varchar_pattern_ops);


--
-- Name: auth_group_permissions_group_id_b120cbf9; Type: INDEX; Schema: public; Owner: admin
--

CREATE INDEX auth_group_permissions_group_id_b120cbf9 ON public.auth_group_permissions USING btree (group_id);


--
-- Name: auth_group_permissions_permission_id_84c5c92e; Type: INDEX; Schema: public; Owner: admin
--

CREATE INDEX auth_group_permissions_permission_id_84c5c92e ON public.auth_group_permissions USING btree (permission_id);


--
-- Name: auth_permission_content_type_id_2f476e4b; Type: INDEX; Schema: public; Owner: admin
--

CREATE INDEX auth_permission_content_type_id_2f476e4b ON public.auth_permission USING btree (content_type_id);


--
-- Name: auth_user_groups_group_id_97559544; Type: INDEX; Schema: public; Owner: admin
--

CREATE INDEX auth_user_groups_group_id_97559544 ON public.auth_user_groups USING btree (group_id);


--
-- Name: auth_user_groups_user_id_6a12ed8b; Type: INDEX; Schema: public; Owner: admin
--

CREATE INDEX auth_user_groups_user_id_6a12ed8b ON public.auth_user_groups USING btree (user_id);


--
-- Name: auth_user_user_permissions_permission_id_1fbb5f2c; Type: INDEX; Schema: public; Owner: admin
--

CREATE INDEX auth_user_user_permissions_permission_id_1fbb5f2c ON public.auth_user_user_permissions USING btree (permission_id);


--
-- Name: auth_user_user_permissions_user_id_a95ead1b; Type: INDEX; Schema: public; Owner: admin
--

CREATE INDEX auth_user_user_permissions_user_id_a95ead1b ON public.auth_user_user_permissions USING btree (user_id);


--
-- Name: auth_user_username_6821ab7c_like; Type: INDEX; Schema: public; Owner: admin
--

CREATE INDEX auth_user_username_6821ab7c_like ON public.auth_user USING btree (username varchar_pattern_ops);


--
-- Name: barcode_blastn_blastrun_db_used_id_63932ea8; Type: INDEX; Schema: public; Owner: admin
--

CREATE INDEX barcode_blastn_blastrun_db_used_id_63932ea8 ON public.barcode_blastn_blastrun USING btree (db_used_id);


--
-- Name: barcode_blastn_hit_db_entry_id_ef4508d6; Type: INDEX; Schema: public; Owner: admin
--

CREATE INDEX barcode_blastn_hit_db_entry_id_ef4508d6 ON public.barcode_blastn_hit USING btree (db_entry_id);


--
-- Name: barcode_blastn_hit_owner_run_id_2d99b233; Type: INDEX; Schema: public; Owner: admin
--

CREATE INDEX barcode_blastn_hit_owner_run_id_2d99b233 ON public.barcode_blastn_hit USING btree (owner_run_id);


--
-- Name: barcode_blastn_nuccoresequence_owner_database_id_0710273a; Type: INDEX; Schema: public; Owner: admin
--

CREATE INDEX barcode_blastn_nuccoresequence_owner_database_id_0710273a ON public.barcode_blastn_nuccoresequence USING btree (owner_database_id);


--
-- Name: django_admin_log_content_type_id_c4bce8eb; Type: INDEX; Schema: public; Owner: admin
--

CREATE INDEX django_admin_log_content_type_id_c4bce8eb ON public.django_admin_log USING btree (content_type_id);


--
-- Name: django_admin_log_user_id_c564eba6; Type: INDEX; Schema: public; Owner: admin
--

CREATE INDEX django_admin_log_user_id_c564eba6 ON public.django_admin_log USING btree (user_id);


--
-- Name: django_session_expire_date_a5c62663; Type: INDEX; Schema: public; Owner: admin
--

CREATE INDEX django_session_expire_date_a5c62663 ON public.django_session USING btree (expire_date);


--
-- Name: django_session_session_key_c0390e0f_like; Type: INDEX; Schema: public; Owner: admin
--

CREATE INDEX django_session_session_key_c0390e0f_like ON public.django_session USING btree (session_key varchar_pattern_ops);


--
-- Name: auth_group_permissions auth_group_permissio_permission_id_84c5c92e_fk_auth_perm; Type: FK CONSTRAINT; Schema: public; Owner: admin
--

ALTER TABLE ONLY public.auth_group_permissions
    ADD CONSTRAINT auth_group_permissio_permission_id_84c5c92e_fk_auth_perm FOREIGN KEY (permission_id) REFERENCES public.auth_permission(id) DEFERRABLE INITIALLY DEFERRED;


--
-- Name: auth_group_permissions auth_group_permissions_group_id_b120cbf9_fk_auth_group_id; Type: FK CONSTRAINT; Schema: public; Owner: admin
--

ALTER TABLE ONLY public.auth_group_permissions
    ADD CONSTRAINT auth_group_permissions_group_id_b120cbf9_fk_auth_group_id FOREIGN KEY (group_id) REFERENCES public.auth_group(id) DEFERRABLE INITIALLY DEFERRED;


--
-- Name: auth_permission auth_permission_content_type_id_2f476e4b_fk_django_co; Type: FK CONSTRAINT; Schema: public; Owner: admin
--

ALTER TABLE ONLY public.auth_permission
    ADD CONSTRAINT auth_permission_content_type_id_2f476e4b_fk_django_co FOREIGN KEY (content_type_id) REFERENCES public.django_content_type(id) DEFERRABLE INITIALLY DEFERRED;


--
-- Name: auth_user_groups auth_user_groups_group_id_97559544_fk_auth_group_id; Type: FK CONSTRAINT; Schema: public; Owner: admin
--

ALTER TABLE ONLY public.auth_user_groups
    ADD CONSTRAINT auth_user_groups_group_id_97559544_fk_auth_group_id FOREIGN KEY (group_id) REFERENCES public.auth_group(id) DEFERRABLE INITIALLY DEFERRED;


--
-- Name: auth_user_groups auth_user_groups_user_id_6a12ed8b_fk_auth_user_id; Type: FK CONSTRAINT; Schema: public; Owner: admin
--

ALTER TABLE ONLY public.auth_user_groups
    ADD CONSTRAINT auth_user_groups_user_id_6a12ed8b_fk_auth_user_id FOREIGN KEY (user_id) REFERENCES public.auth_user(id) DEFERRABLE INITIALLY DEFERRED;


--
-- Name: auth_user_user_permissions auth_user_user_permi_permission_id_1fbb5f2c_fk_auth_perm; Type: FK CONSTRAINT; Schema: public; Owner: admin
--

ALTER TABLE ONLY public.auth_user_user_permissions
    ADD CONSTRAINT auth_user_user_permi_permission_id_1fbb5f2c_fk_auth_perm FOREIGN KEY (permission_id) REFERENCES public.auth_permission(id) DEFERRABLE INITIALLY DEFERRED;


--
-- Name: auth_user_user_permissions auth_user_user_permissions_user_id_a95ead1b_fk_auth_user_id; Type: FK CONSTRAINT; Schema: public; Owner: admin
--

ALTER TABLE ONLY public.auth_user_user_permissions
    ADD CONSTRAINT auth_user_user_permissions_user_id_a95ead1b_fk_auth_user_id FOREIGN KEY (user_id) REFERENCES public.auth_user(id) DEFERRABLE INITIALLY DEFERRED;


--
-- Name: barcode_blastn_blastrun barcode_blastn_blast_db_used_id_63932ea8_fk_barcode_b; Type: FK CONSTRAINT; Schema: public; Owner: admin
--

ALTER TABLE ONLY public.barcode_blastn_blastrun
    ADD CONSTRAINT barcode_blastn_blast_db_used_id_63932ea8_fk_barcode_b FOREIGN KEY (db_used_id) REFERENCES public.barcode_blastn_blastdb(id) DEFERRABLE INITIALLY DEFERRED;


--
-- Name: barcode_blastn_hit barcode_blastn_hit_db_entry_id_ef4508d6_fk_barcode_b; Type: FK CONSTRAINT; Schema: public; Owner: admin
--

ALTER TABLE ONLY public.barcode_blastn_hit
    ADD CONSTRAINT barcode_blastn_hit_db_entry_id_ef4508d6_fk_barcode_b FOREIGN KEY (db_entry_id) REFERENCES public.barcode_blastn_nuccoresequence(id) DEFERRABLE INITIALLY DEFERRED;


--
-- Name: barcode_blastn_hit barcode_blastn_hit_owner_run_id_2d99b233_fk_barcode_b; Type: FK CONSTRAINT; Schema: public; Owner: admin
--

ALTER TABLE ONLY public.barcode_blastn_hit
    ADD CONSTRAINT barcode_blastn_hit_owner_run_id_2d99b233_fk_barcode_b FOREIGN KEY (owner_run_id) REFERENCES public.barcode_blastn_blastrun(id) DEFERRABLE INITIALLY DEFERRED;


--
-- Name: barcode_blastn_nuccoresequence barcode_blastn_nucco_owner_database_id_0710273a_fk_barcode_b; Type: FK CONSTRAINT; Schema: public; Owner: admin
--

ALTER TABLE ONLY public.barcode_blastn_nuccoresequence
    ADD CONSTRAINT barcode_blastn_nucco_owner_database_id_0710273a_fk_barcode_b FOREIGN KEY (owner_database_id) REFERENCES public.barcode_blastn_blastdb(id) DEFERRABLE INITIALLY DEFERRED;


--
-- Name: django_admin_log django_admin_log_content_type_id_c4bce8eb_fk_django_co; Type: FK CONSTRAINT; Schema: public; Owner: admin
--

ALTER TABLE ONLY public.django_admin_log
    ADD CONSTRAINT django_admin_log_content_type_id_c4bce8eb_fk_django_co FOREIGN KEY (content_type_id) REFERENCES public.django_content_type(id) DEFERRABLE INITIALLY DEFERRED;


--
-- Name: django_admin_log django_admin_log_user_id_c564eba6_fk_auth_user_id; Type: FK CONSTRAINT; Schema: public; Owner: admin
--

ALTER TABLE ONLY public.django_admin_log
    ADD CONSTRAINT django_admin_log_user_id_c564eba6_fk_auth_user_id FOREIGN KEY (user_id) REFERENCES public.auth_user(id) DEFERRABLE INITIALLY DEFERRED;


--
-- PostgreSQL database dump complete
--

